CODE	MUNICIPALITY	Mesoregion	Number of Mesoregion	Microregion	Number of Microregion	Planning Region	Number of Planning Region
310010	Abadia dos Dourados	Triângulo Mineiro/Alto Paranaíba	5	Patrocínio	19	Alto Paranaíba	1
310380	Arapuá	Triângulo Mineiro/Alto Paranaíba	5	Patos de Minas	20	Alto Paranaíba	1
310400	Araxá	Triângulo Mineiro/Alto Paranaíba	5	Araxá	23	Alto Paranaíba	1
311150	Campos Altos	Triângulo Mineiro/Alto Paranaíba	5	Araxá	23	Alto Paranaíba	1
311430	Carmo do Paranaíba	Triângulo Mineiro/Alto Paranaíba	5	Patos de Minas	20	Alto Paranaíba	1
311930	Coromandel	Triângulo Mineiro/Alto Paranaíba	5	Patrocínio	19	Alto Paranaíba	1
312070	Cruzeiro da Fortaleza	Triângulo Mineiro/Alto Paranaíba	5	Patrocínio	19	Alto Paranaíba	1
312350	Douradoquara	Triângulo Mineiro/Alto Paranaíba	5	Patrocínio	19	Alto Paranaíba	1
312480	Estrela do Sul	Triângulo Mineiro/Alto Paranaíba	5	Patrocínio	19	Alto Paranaíba	1
312790	Grupiara	Triângulo Mineiro/Alto Paranaíba	5	Patrocínio	19	Alto Paranaíba	1
312890	Guimarânia	Triângulo Mineiro/Alto Paranaíba	5	Patos de Minas	20	Alto Paranaíba	1
312950	Ibiá	Triângulo Mineiro/Alto Paranaíba	5	Araxá	23	Alto Paranaíba	1
313160	Iraí de Minas	Triângulo Mineiro/Alto Paranaíba	5	Patrocínio	19	Alto Paranaíba	1
313750	Lagoa Formosa	Triângulo Mineiro/Alto Paranaíba	5	Patos de Minas	20	Alto Paranaíba	1
314120	Matutina	Triângulo Mineiro/Alto Paranaíba	5	Patos de Minas	20	Alto Paranaíba	1
314310	Monte Carmelo	Triângulo Mineiro/Alto Paranaíba	5	Patrocínio	19	Alto Paranaíba	1
314500	Nova Ponte	Triângulo Mineiro/Alto Paranaíba	5	Araxá	23	Alto Paranaíba	1
314800	Patos de Minas	Triângulo Mineiro/Alto Paranaíba	5	Patos de Minas	20	Alto Paranaíba	1
314810	Patrocínio	Triângulo Mineiro/Alto Paranaíba	5	Patrocínio	19	Alto Paranaíba	1
314920	Pedrinópolis	Triângulo Mineiro/Alto Paranaíba	5	Araxá	23	Alto Paranaíba	1
314980	Perdizes	Triângulo Mineiro/Alto Paranaíba	5	Araxá	23	Alto Paranaíba	1
315300	Pratinha	Triângulo Mineiro/Alto Paranaíba	5	Araxá	23	Alto Paranaíba	1
315550	Rio Paranaíba	Triângulo Mineiro/Alto Paranaíba	5	Patos de Minas	20	Alto Paranaíba	1
315640	Romaria	Triângulo Mineiro/Alto Paranaíba	5	Patrocínio	19	Alto Paranaíba	1
315690	Sacramento	Triângulo Mineiro/Alto Paranaíba	5	Araxá	23	Alto Paranaíba	1
315770	Santa Juliana	Triângulo Mineiro/Alto Paranaíba	5	Araxá	23	Alto Paranaíba	1
315970	Santa Rosa da Serra	Triângulo Mineiro/Alto Paranaíba	5	Patos de Minas	20	Alto Paranaíba	1
316210	São Gotardo	Triângulo Mineiro/Alto Paranaíba	5	Patos de Minas	20	Alto Paranaíba	1
316680	Serra do Salitre	Triângulo Mineiro/Alto Paranaíba	5	Patrocínio	19	Alto Paranaíba	1
316810	Tapira	Triângulo Mineiro/Alto Paranaíba	5	Araxá	23	Alto Paranaíba	1
316890	Tiros	Triângulo Mineiro/Alto Paranaíba	5	Patos de Minas	20	Alto Paranaíba	1
310020	Abaeté	Central Mineira	6	Três Marias	24	Central	2
310163	Alfredo Vasconcelos	Campo das Vertentes	11	Barbacena	59	Central	2
310230	Alvinópolis	Metropolitana de Belo Horizonte	7	Itabira	31	Central	2
310240	Alvorada de Minas	Metropolitana de Belo Horizonte	7	Conceição do Mato dentro	28	Central	2
310290	Antônio Carlos	Campo das Vertentes	11	Barbacena	59	Central	2
310320	Araçaí	Metropolitana de Belo Horizonte	7	Sete Lagoas	27	Central	2
310480	Augusto de Lima	Central Mineira	6	Curvelo	25	Central	2
310500	Baldim	Metropolitana de Belo Horizonte	7	Sete Lagoas	27	Central	2
310540	Barão de Cocais	Metropolitana de Belo Horizonte	7	Itabira	31	Central	2
310560	Barbacena	Campo das Vertentes	11	Barbacena	59	Central	2
310590	Barroso	Campo das Vertentes	11	Barbacena	59	Central	2
310600	Bela Vista de Minas	Metropolitana de Belo Horizonte	7	Itabira	31	Central	2
310620	Belo Horizonte	Metropolitana de Belo Horizonte	7	Belo Horizonte	30	Central	2
310640	Belo Vale	Metropolitana de Belo Horizonte	7	Itaguara	32	Central	2
310670	Betim	Metropolitana de Belo Horizonte	7	Belo Horizonte	30	Central	2
310700	Biquinhas	Central Mineira	6	Três Marias	24	Central	2
310770	Bom Jesus do Amparo	Metropolitana de Belo Horizonte	7	Itabira	31	Central	2
310810	Bonfim	Metropolitana de Belo Horizonte	7	Itaguara	32	Central	2
310900	Brumadinho	Metropolitana de Belo Horizonte	7	Belo Horizonte	30	Central	2
310920	Buenópolis	Central Mineira	6	Curvelo	25	Central	2
310960	Cachoeira da Prata	Metropolitana de Belo Horizonte	7	Sete Lagoas	27	Central	2
310990	Caetanópolis	Metropolitana de Belo Horizonte	7	Sete Lagoas	27	Central	2
311000	Caeté	Metropolitana de Belo Horizonte	7	Belo Horizonte	30	Central	2
311220	Capela Nova	Campo das Vertentes	11	Barbacena	59	Central	2
311250	Capim Branco	Metropolitana de Belo Horizonte	7	Sete Lagoas	27	Central	2
311310	Caranaíba	Campo das Vertentes	11	Barbacena	59	Central	2
311320	Carandaí	Campo das Vertentes	11	Barbacena	59	Central	2
311490	Casa Grande	Metropolitana de Belo Horizonte	7	Conselheiro Lafaiete	34	Central	2
311535	Catas Altas	Metropolitana de Belo Horizonte	7	Itabira	31	Central	2
311540	Catas Altas da Noruega	Metropolitana de Belo Horizonte	7	Conselheiro Lafaiete	34	Central	2
311560	Cedro do Abaeté	Central Mineira	6	Três Marias	24	Central	2
311520	Conceição da Barra de Minas	Campo das Vertentes	11	São João del Rei	58	Central	2
311750	Conceição do Mato Dentro	Metropolitana de Belo Horizonte	7	Conceição do Mato dentro	28	Central	2
311787	Confins	Metropolitana de Belo Horizonte	7	Belo Horizonte	30	Central	2
311800	Congonhas	Metropolitana de Belo Horizonte	7	Conselheiro Lafaiete	34	Central	2
311810	Congonhas do Norte	Metropolitana de Belo Horizonte	7	Conceição do Mato dentro	28	Central	2
311830	Conselheiro Lafaiete	Metropolitana de Belo Horizonte	7	Conselheiro Lafaiete	34	Central	2
311860	Contagem	Metropolitana de Belo Horizonte	7	Belo Horizonte	30	Central	2
311890	Cordisburgo	Metropolitana de Belo Horizonte	7	Sete Lagoas	27	Central	2
311910	Corinto	Central Mineira	6	Curvelo	25	Central	2
311970	Coronel Xavier Chaves	Campo das Vertentes	11	São João del Rei	58	Central	2
312010	Couto de Magalhães de Minas	Jequitinhonha	3	Diamantina	10	Central	2
312040	Cristiano Otoni	Metropolitana de Belo Horizonte	7	Conselheiro Lafaiete	34	Central	2
312060	Crucilândia	Metropolitana de Belo Horizonte	7	Itaguara	32	Central	2
312090	Curvelo	Central Mineira	6	Curvelo	25	Central	2
312100	Datas	Jequitinhonha	3	Diamantina	10	Central	2
312140	Desterro de Entre Rios	Metropolitana de Belo Horizonte	7	Conselheiro Lafaiete	34	Central	2
312150	Desterro do Melo	Campo das Vertentes	11	Barbacena	59	Central	2
312160	Diamantina	Jequitinhonha	3	Diamantina	10	Central	2
312170	Diogo de Vasconcelos	Metropolitana de Belo Horizonte	7	Ouro Preto	33	Central	2
312180	Dionísio	Metropolitana de Belo Horizonte	7	Itabira	31	Central	2
312260	Dom Joaquim	Metropolitana de Belo Horizonte	7	Conceição do Mato dentro	28	Central	2
312300	Dores de Campos	Campo das Vertentes	11	São João del Rei	58	Central	2
312390	Entre Rios de Minas	Metropolitana de Belo Horizonte	7	Conselheiro Lafaiete	34	Central	2
312410	Esmeraldas	Metropolitana de Belo Horizonte	7	Belo Horizonte	30	Central	2
312540	Felício dos Santos	Jequitinhonha	3	Diamantina	10	Central	2
312570	Felixlândia	Central Mineira	6	Curvelo	25	Central	2
312590	Ferros	Metropolitana de Belo Horizonte	7	Itabira	31	Central	2
312600	Florestal	Metropolitana de Belo Horizonte	7	Pará de Minas	29	Central	2
312640	Fortuna de Minas	Metropolitana de Belo Horizonte	7	Sete Lagoas	27	Central	2
312720	Funilândia	Metropolitana de Belo Horizonte	7	Sete Lagoas	27	Central	2
312760	Gouveia	Jequitinhonha	3	Diamantina	10	Central	2
312940	Ibertioga	Campo das Vertentes	11	Barbacena	59	Central	2
312980	Ibirité	Metropolitana de Belo Horizonte	7	Belo Horizonte	30	Central	2
313010	Igarapé	Metropolitana de Belo Horizonte	7	Belo Horizonte	30	Central	2
313100	Inhaúma	Metropolitana de Belo Horizonte	7	Sete Lagoas	27	Central	2
313110	Inimutaba	Central Mineira	6	Curvelo	25	Central	2
313170	Itabira	Metropolitana de Belo Horizonte	7	Itabira	31	Central	2
313190	Itabirito	Metropolitana de Belo Horizonte	7	Ouro Preto	33	Central	2
313220	Itaguara	Metropolitana de Belo Horizonte	7	Itaguara	32	Central	2
313280	Itambé do Mato Dentro	Metropolitana de Belo Horizonte	7	Conceição do Mato dentro	28	Central	2
313370	Itatiaiuçu	Metropolitana de Belo Horizonte	7	Itaguara	32	Central	2
313390	Itaverava	Metropolitana de Belo Horizonte	7	Conselheiro Lafaiete	34	Central	2
313460	Jaboticatubas	Metropolitana de Belo Horizonte	7	Sete Lagoas	27	Central	2
313540	Jeceaba	Metropolitana de Belo Horizonte	7	Itaguara	32	Central	2
313570	Jequitibá	Metropolitana de Belo Horizonte	7	Sete Lagoas	27	Central	2
313620	João Monlevade	Metropolitana de Belo Horizonte	7	Itabira	31	Central	2
313640	Joaquim Felício	Central Mineira	6	Curvelo	25	Central	2
313665	Juatuba	Metropolitana de Belo Horizonte	7	Belo Horizonte	30	Central	2
313740	Lagoa Dourada	Campo das Vertentes	11	São João del Rei	58	Central	2
313760	Lagoa Santa	Metropolitana de Belo Horizonte	7	Belo Horizonte	30	Central	2
313910	Madre de Deus de Minas	Campo das Vertentes	11	São João del Rei	58	Central	2
313970	Maravilhas	Metropolitana de Belo Horizonte	7	Sete Lagoas	27	Central	2
314000	Mariana	Metropolitana de Belo Horizonte	7	Ouro Preto	33	Central	2
314015	Mário Campos	Metropolitana de Belo Horizonte	7	Belo Horizonte	30	Central	2
314070	Mateus Leme	Metropolitana de Belo Horizonte	7	Belo Horizonte	30	Central	2
314110	Matozinhos	Metropolitana de Belo Horizonte	7	Sete Lagoas	27	Central	2
314230	Moeda	Metropolitana de Belo Horizonte	7	Itaguara	32	Central	2
314250	Monjolos	Central Mineira	6	Curvelo	25	Central	2
314350	Morada Nova de Minas	Central Mineira	6	Três Marias	24	Central	2
314360	Morro da Garça	Central Mineira	6	Curvelo	25	Central	2
314370	Morro do Pilar	Metropolitana de Belo Horizonte	7	Conceição do Mato dentro	28	Central	2
314450	Nazareno	Campo das Vertentes	11	São João del Rei	58	Central	2
314470	Nova Era	Metropolitana de Belo Horizonte	7	Itabira	31	Central	2
314480	Nova Lima	Metropolitana de Belo Horizonte	7	Belo Horizonte	30	Central	2
313660	Nova União	Metropolitana de Belo Horizonte	7	Itabira	31	Central	2
314580	Onça de Pitangui	Metropolitana de Belo Horizonte	7	Pará de Minas	29	Central	2
314590	Ouro Branco	Metropolitana de Belo Horizonte	7	Conselheiro Lafaiete	34	Central	2
314610	Ouro Preto	Metropolitana de Belo Horizonte	7	Ouro Preto	33	Central	2
314640	Paineiras	Central Mineira	6	Três Marias	24	Central	2
314690	Papagaios	Metropolitana de Belo Horizonte	7	Sete Lagoas	27	Central	2
314710	Pará de Minas	Metropolitana de Belo Horizonte	7	Pará de Minas	29	Central	2
314740	Paraopeba	Metropolitana de Belo Horizonte	7	Sete Lagoas	27	Central	2
314750	Passabém	Metropolitana de Belo Horizonte	7	Conceição do Mato dentro	28	Central	2
314930	Pedro Leopoldo	Metropolitana de Belo Horizonte	7	Belo Horizonte	30	Central	2
314960	Pequi	Metropolitana de Belo Horizonte	7	Sete Lagoas	27	Central	2
315030	Piedade do Rio Grande	Campo das Vertentes	11	São João del Rei	58	Central	2
315040	Piedade dos Gerais	Metropolitana de Belo Horizonte	7	Itaguara	32	Central	2
315140	Pitangui	Metropolitana de Belo Horizonte	7	Pará de Minas	29	Central	2
315200	Pompéu	Central Mineira	6	Três Marias	24	Central	2
315270	Prados	Campo das Vertentes	11	São João del Rei	58	Central	2
315320	Presidente Juscelino	Central Mineira	6	Curvelo	25	Central	2
315330	Presidente Kubitschek	Jequitinhonha	3	Diamantina	10	Central	2
315360	Prudente de Morais	Metropolitana de Belo Horizonte	7	Sete Lagoas	27	Central	2
315380	Queluzito	Metropolitana de Belo Horizonte	7	Conselheiro Lafaiete	34	Central	2
315390	Raposos	Metropolitana de Belo Horizonte	7	Belo Horizonte	30	Central	2
315420	Resende Costa	Campo das Vertentes	11	São João del Rei	58	Central	2
315440	Ressaquinha	Campo das Vertentes	11	Barbacena	59	Central	2
315460	Ribeirão das Neves	Metropolitana de Belo Horizonte	7	Belo Horizonte	30	Central	2
315480	Rio Acima	Metropolitana de Belo Horizonte	7	Belo Horizonte	30	Central	2
315530	Rio Manso	Metropolitana de Belo Horizonte	7	Itaguara	32	Central	2
315570	Rio Piracicaba	Metropolitana de Belo Horizonte	7	Itabira	31	Central	2
315600	Rio Vermelho	Metropolitana de Belo Horizonte	7	Conceição do Mato dentro	28	Central	2
315610	Ritápolis	Campo das Vertentes	11	São João del Rei	58	Central	2
315670	Sabará	Metropolitana de Belo Horizonte	7	Belo Horizonte	30	Central	2
315720	Santa Bárbara	Metropolitana de Belo Horizonte	7	Itabira	31	Central	2
315730	Santa Bárbara do Tugúrio	Campo das Vertentes	11	Barbacena	59	Central	2
315733	Santa Cruz de Minas	Campo das Vertentes	11	São João del Rei	58	Central	2
315780	Santa Luzia	Metropolitana de Belo Horizonte	7	Belo Horizonte	30	Central	2
315800	Santa Maria de Itabira	Metropolitana de Belo Horizonte	7	Itabira	31	Central	2
315850	Santana de Pirapama	Metropolitana de Belo Horizonte	7	Sete Lagoas	27	Central	2
315870	Santana do Garambéu	Campo das Vertentes	11	São João del Rei	58	Central	2
315900	Santana do Riacho	Metropolitana de Belo Horizonte	7	Sete Lagoas	27	Central	2
315910	Santana dos Montes	Metropolitana de Belo Horizonte	7	Conselheiro Lafaiete	34	Central	2
316020	Santo Antônio do Itambé	Metropolitana de Belo Horizonte	7	Conceição do Mato dentro	28	Central	2
316050	Santo Antônio do Rio Abaixo	Metropolitana de Belo Horizonte	7	Conceição do Mato dentro	28	Central	2
316060	Santo Hipólito	Central Mineira	6	Curvelo	25	Central	2
316090	São Brás do Suaçuí	Metropolitana de Belo Horizonte	7	Conselheiro Lafaiete	34	Central	2
316100	São Domingos do Prata	Metropolitana de Belo Horizonte	7	Itabira	31	Central	2
316190	São Gonçalo do Rio Abaixo	Metropolitana de Belo Horizonte	7	Itabira	31	Central	2
312550	São Gonçalo do Rio Preto	Jequitinhonha	3	Diamantina	10	Central	2
316250	São João del Rei	Campo das Vertentes	11	São João del Rei	58	Central	2
316292	São Joaquim de Bicas	Metropolitana de Belo Horizonte	7	Belo Horizonte	30	Central	2
316295	São José da Lapa	Metropolitana de Belo Horizonte	7	Belo Horizonte	30	Central	2
316310	São José da Varginha	Metropolitana de Belo Horizonte	7	Pará de Minas	29	Central	2
316340	São José do Goiabal	Metropolitana de Belo Horizonte	7	Itabira	31	Central	2
316480	São Sebastião do Rio Preto	Metropolitana de Belo Horizonte	7	Conceição do Mato dentro	28	Central	2
316500	São Tiago	Campo das Vertentes	11	São João del Rei	58	Central	2
316553	Sarzedo	Metropolitana de Belo Horizonte	7	Belo Horizonte	30	Central	2
316590	Senador Modestino Gonçalves	Jequitinhonha	3	Diamantina	10	Central	2
316620	Senhora dos Remédios	Campo das Vertentes	11	Barbacena	59	Central	2
316650	Serra Azul de Minas	Metropolitana de Belo Horizonte	7	Conceição do Mato dentro	28	Central	2
316710	Serro	Metropolitana de Belo Horizonte	7	Conceição do Mato dentro	28	Central	2
316720	Sete Lagoas	Metropolitana de Belo Horizonte	7	Sete Lagoas	27	Central	2
316830	Taquaraçu de Minas	Metropolitana de Belo Horizonte	7	Itabira	31	Central	2
316880	Tiradentes	Campo das Vertentes	11	São João del Rei	58	Central	2
316935	Três Marias	Central Mineira	6	Três Marias	24	Central	2
317120	Vespasiano	Metropolitana de Belo Horizonte	7	Belo Horizonte	30	Central	2
310080	Aguanil	Oeste de Minas	9	Campo Belo	45	Centro Oeste de Minas	3
310390	Araújos	Central Mineira	6	Bom despacho	26	Centro Oeste de Minas	3
310420	Arcos	Oeste de Minas	9	Formiga	44	Centro Oeste de Minas	3
310510	Bambuí	Oeste de Minas	9	Piuí	42	Centro Oeste de Minas	3
310740	Bom Despacho	Central Mineira	6	Bom despacho	26	Centro Oeste de Minas	3
310800	Bom Sucesso	Oeste de Minas	9	Oliveira	46	Centro Oeste de Minas	3
311040	Camacho	Oeste de Minas	9	Formiga	44	Centro Oeste de Minas	3
311120	Campo Belo	Oeste de Minas	9	Campo Belo	45	Centro Oeste de Minas	3
311190	Cana Verde	Oeste de Minas	9	Campo Belo	45	Centro Oeste de Minas	3
311200	Candeias	Oeste de Minas	9	Campo Belo	45	Centro Oeste de Minas	3
311400	Carmo da Mata	Oeste de Minas	9	Oliveira	46	Centro Oeste de Minas	3
311420	Carmo do Cajuru	Oeste de Minas	9	Divinópolis	43	Centro Oeste de Minas	3
311450	Carmópolis de Minas	Oeste de Minas	9	Oliveira	46	Centro Oeste de Minas	3
311660	Cláudio	Oeste de Minas	9	Divinópolis	43	Centro Oeste de Minas	3
311760	Conceição do Pará	Oeste de Minas	9	Divinópolis	43	Centro Oeste de Minas	3
311980	Córrego Danta	Oeste de Minas	9	Piuí	42	Centro Oeste de Minas	3
311995	Córrego Fundo	Oeste de Minas	9	Formiga	44	Centro Oeste de Minas	3
312020	Cristais	Oeste de Minas	9	Campo Belo	45	Centro Oeste de Minas	3
312230	Divinópolis	Oeste de Minas	9	Divinópolis	43	Centro Oeste de Minas	3
312320	Dores do Indaiá	Central Mineira	6	Bom despacho	26	Centro Oeste de Minas	3
312340	Doresópolis	Oeste de Minas	9	Piuí	42	Centro Oeste de Minas	3
312470	Estrela do Indaiá	Central Mineira	6	Bom despacho	26	Centro Oeste de Minas	3
312610	Formiga	Oeste de Minas	9	Formiga	44	Centro Oeste de Minas	3
313000	Ibituruna	Oeste de Minas	9	Oliveira	46	Centro Oeste de Minas	3
313020	Igaratinga	Oeste de Minas	9	Divinópolis	43	Centro Oeste de Minas	3
313030	Iguatama	Oeste de Minas	9	Piuí	42	Centro Oeste de Minas	3
313350	Itapecerica	Oeste de Minas	9	Formiga	44	Centro Oeste de Minas	3
313380	Itaúna	Oeste de Minas	9	Divinópolis	43	Centro Oeste de Minas	3
313530	Japaraíba	Central Mineira	6	Bom despacho	26	Centro Oeste de Minas	3
313720	Lagoa da Prata	Central Mineira	6	Bom despacho	26	Centro Oeste de Minas	3
313830	Leandro Ferreira	Central Mineira	6	Bom despacho	26	Centro Oeste de Minas	3
313880	Luz	Central Mineira	6	Bom despacho	26	Centro Oeste de Minas	3
314050	Martinho Campos	Central Mineira	6	Bom despacho	26	Centro Oeste de Minas	3
314130	Medeiros	Oeste de Minas	9	Piuí	42	Centro Oeste de Minas	3
314240	Moema	Central Mineira	6	Bom despacho	26	Centro Oeste de Minas	3
314520	Nova Serrana	Oeste de Minas	9	Divinópolis	43	Centro Oeste de Minas	3
314560	Oliveira	Oeste de Minas	9	Oliveira	46	Centro Oeste de Minas	3
314650	Pains	Oeste de Minas	9	Formiga	44	Centro Oeste de Minas	3
314770	Passa Tempo	Oeste de Minas	9	Oliveira	46	Centro Oeste de Minas	3
314890	Pedra do Indaiá	Oeste de Minas	9	Formiga	44	Centro Oeste de Minas	3
314970	Perdigão	Oeste de Minas	9	Divinópolis	43	Centro Oeste de Minas	3
314990	Perdões	Oeste de Minas	9	Campo Belo	45	Centro Oeste de Minas	3
315050	Pimenta	Oeste de Minas	9	Formiga	44	Centro Oeste de Minas	3
315060	Piracema	Oeste de Minas	9	Oliveira	46	Centro Oeste de Minas	3
315150	Piumhi	Oeste de Minas	9	Piuí	42	Centro Oeste de Minas	3
315370	Quartel Geral	Central Mineira	6	Bom despacho	26	Centro Oeste de Minas	3
315880	Santana do Jacaré	Oeste de Minas	9	Campo Belo	45	Centro Oeste de Minas	3
315990	Santo Antônio do Amparo	Oeste de Minas	9	Oliveira	46	Centro Oeste de Minas	3
316040	Santo Antônio do Monte	Oeste de Minas	9	Divinópolis	43	Centro Oeste de Minas	3
316120	São Francisco de Paula	Oeste de Minas	9	Oliveira	46	Centro Oeste de Minas	3
316180	São Gonçalo do Pará	Oeste de Minas	9	Divinópolis	43	Centro Oeste de Minas	3
316430	São Roque de Minas	Oeste de Minas	9	Piuí	42	Centro Oeste de Minas	3
316460	São Sebastião do Oeste	Oeste de Minas	9	Divinópolis	43	Centro Oeste de Minas	3
316660	Serra da Saudade	Central Mineira	6	Bom despacho	26	Centro Oeste de Minas	3
316820	Tapiraí	Oeste de Minas	9	Piuí	42	Centro Oeste de Minas	3
317060	Vargem Bonita	Oeste de Minas	9	Piuí	42	Centro Oeste de Minas	3
310090	Águas Formosas	Vale do Mucuri	4	Nanuque	16	Jequitinhonha/Mucuri	4
310170	Almenara	Jequitinhonha	3	Almenara	14	Jequitinhonha/Mucuri	4
310285	Angelândia	Jequitinhonha	3	Capelinha	11	Jequitinhonha/Mucuri	4
310340	Araçuaí	Jequitinhonha	3	Araçuaí	12	Jequitinhonha/Mucuri	4
310445	Aricanduva	Jequitinhonha	3	Capelinha	11	Jequitinhonha/Mucuri	4
310470	Ataléia	Vale do Mucuri	4	Teófilo Otoni	15	Jequitinhonha/Mucuri	4
310520	Bandeira	Jequitinhonha	3	Almenara	14	Jequitinhonha/Mucuri	4
310650	Berilo	Jequitinhonha	3	Capelinha	11	Jequitinhonha/Mucuri	4
310660	Bertópolis	Vale do Mucuri	4	Nanuque	16	Jequitinhonha/Mucuri	4
310270	Cachoeira de Pajeú	Jequitinhonha	3	Pedra Azul	13	Jequitinhonha/Mucuri	4
311230	Capelinha	Jequitinhonha	3	Capelinha	11	Jequitinhonha/Mucuri	4
311300	Caraí	Jequitinhonha	3	Araçuaí	12	Jequitinhonha/Mucuri	4
311350	Carbonita	Jequitinhonha	3	Capelinha	11	Jequitinhonha/Mucuri	4
311370	Carlos Chagas	Vale do Mucuri	4	Nanuque	16	Jequitinhonha/Mucuri	4
311545	Catuji	Vale do Mucuri	4	Teófilo Otoni	15	Jequitinhonha/Mucuri	4
311610	Chapada do Norte	Jequitinhonha	3	Capelinha	11	Jequitinhonha/Mucuri	4
311700	Comercinho	Jequitinhonha	3	Pedra Azul	13	Jequitinhonha/Mucuri	4
311950	Coronel Murta	Jequitinhonha	3	Araçuaí	12	Jequitinhonha/Mucuri	4
312015	Crisólita	Vale do Mucuri	4	Nanuque	16	Jequitinhonha/Mucuri	4
312245	Divisópolis	Jequitinhonha	3	Almenara	14	Jequitinhonha/Mucuri	4
312560	Felisburgo	Jequitinhonha	3	Almenara	14	Jequitinhonha/Mucuri	4
312650	Francisco Badaró	Jequitinhonha	3	Capelinha	11	Jequitinhonha/Mucuri	4
312675	Franciscópolis	Vale do Mucuri	4	Teófilo Otoni	15	Jequitinhonha/Mucuri	4
312680	Frei Gaspar	Vale do Mucuri	4	Teófilo Otoni	15	Jequitinhonha/Mucuri	4
312705	Fronteira dos Vales	Vale do Mucuri	4	Nanuque	16	Jequitinhonha/Mucuri	4
313230	Itaipé	Vale do Mucuri	4	Teófilo Otoni	15	Jequitinhonha/Mucuri	4
313250	Itamarandiba	Jequitinhonha	3	Capelinha	11	Jequitinhonha/Mucuri	4
313330	Itaobim	Jequitinhonha	3	Pedra Azul	13	Jequitinhonha/Mucuri	4
313400	Itinga	Jequitinhonha	3	Araçuaí	12	Jequitinhonha/Mucuri	4
313470	Jacinto	Jequitinhonha	3	Almenara	14	Jequitinhonha/Mucuri	4
313545	Jenipapo de Minas	Jequitinhonha	3	Capelinha	11	Jequitinhonha/Mucuri	4
313580	Jequitinhonha	Jequitinhonha	3	Almenara	14	Jequitinhonha/Mucuri	4
313600	Joaíma	Jequitinhonha	3	Almenara	14	Jequitinhonha/Mucuri	4
313650	Jordânia	Jequitinhonha	3	Almenara	14	Jequitinhonha/Mucuri	4
313652	José Gonçalves de Minas	Jequitinhonha	3	Capelinha	11	Jequitinhonha/Mucuri	4
313700	Ladainha	Vale do Mucuri	4	Teófilo Otoni	15	Jequitinhonha/Mucuri	4
313835	Leme do Prado	Jequitinhonha	3	Capelinha	11	Jequitinhonha/Mucuri	4
313890	Machacalis	Vale do Mucuri	4	Nanuque	16	Jequitinhonha/Mucuri	4
313920	Malacacheta	Vale do Mucuri	4	Teófilo Otoni	15	Jequitinhonha/Mucuri	4
314055	Mata Verde	Jequitinhonha	3	Almenara	14	Jequitinhonha/Mucuri	4
314140	Medina	Jequitinhonha	3	Pedra Azul	13	Jequitinhonha/Mucuri	4
314180	Minas Novas	Jequitinhonha	3	Capelinha	11	Jequitinhonha/Mucuri	4
314315	Monte Formoso	Jequitinhonha	3	Almenara	14	Jequitinhonha/Mucuri	4
314430	Nanuque	Vale do Mucuri	4	Nanuque	16	Jequitinhonha/Mucuri	4
314530	Novo Cruzeiro	Jequitinhonha	3	Araçuaí	12	Jequitinhonha/Mucuri	4
314535	Novo Oriente de Minas	Vale do Mucuri	4	Teófilo Otoni	15	Jequitinhonha/Mucuri	4
314620	Ouro Verde de Minas	Vale do Mucuri	4	Teófilo Otoni	15	Jequitinhonha/Mucuri	4
314630	Padre Paraíso	Jequitinhonha	3	Araçuaí	12	Jequitinhonha/Mucuri	4
314675	Palmópolis	Jequitinhonha	3	Almenara	14	Jequitinhonha/Mucuri	4
314850	Pavão	Vale do Mucuri	4	Teófilo Otoni	15	Jequitinhonha/Mucuri	4
314870	Pedra Azul	Jequitinhonha	3	Pedra Azul	13	Jequitinhonha/Mucuri	4
315217	Ponto dos Volantes	Jequitinhonha	3	Araçuaí	12	Jequitinhonha/Mucuri	4
315240	Poté	Vale do Mucuri	4	Teófilo Otoni	15	Jequitinhonha/Mucuri	4
315510	Rio do Prado	Jequitinhonha	3	Almenara	14	Jequitinhonha/Mucuri	4
315660	Rubim	Jequitinhonha	3	Almenara	14	Jequitinhonha/Mucuri	4
315710	Salto da Divisa	Jequitinhonha	3	Almenara	14	Jequitinhonha/Mucuri	4
315765	Santa Helena de Minas	Vale do Mucuri	4	Nanuque	16	Jequitinhonha/Mucuri	4
315810	Santa Maria do Salto	Jequitinhonha	3	Almenara	14	Jequitinhonha/Mucuri	4
316030	Santo Antônio do Jacinto	Jequitinhonha	3	Almenara	14	Jequitinhonha/Mucuri	4
316670	Serra dos Aimorés	Vale do Mucuri	4	Nanuque	16	Jequitinhonha/Mucuri	4
316555	Setubinha	Vale do Mucuri	4	Teófilo Otoni	15	Jequitinhonha/Mucuri	4
316860	Teófilo Otoni	Vale do Mucuri	4	Teófilo Otoni	15	Jequitinhonha/Mucuri	4
316970	Turmalina	Jequitinhonha	3	Capelinha	11	Jequitinhonha/Mucuri	4
317030	Umburatiba	Vale do Mucuri	4	Nanuque	16	Jequitinhonha/Mucuri	4
317107	Veredinha	Jequitinhonha	3	Capelinha	11	Jequitinhonha/Mucuri	4
317160	Virgem da Lapa	Jequitinhonha	3	Araçuaí	12	Jequitinhonha/Mucuri	4
310030	Abre Campo	Zona da Mata	12	Manhuaçu	61	Mata	5
310040	Acaiaca	Zona da Mata	12	Ponte Nova	60	Mata	5
310150	Além Paraíba	Zona da Mata	12	Cataguases	66	Mata	5
310205	Alto Caparaó	Zona da Mata	12	Manhuaçu	61	Mata	5
315350	Alto Jequitibá	Zona da Mata	12	Manhuaçu	61	Mata	5
310210	Alto Rio Doce	Zona da Mata	12	Viçosa	62	Mata	5
310250	Amparo da Serra	Zona da Mata	12	Viçosa	62	Mata	5
310310	Antônio Prado de Minas	Zona da Mata	12	Muriaé	63	Mata	5
310330	Aracitaba	Zona da Mata	12	Juiz de Fora	65	Mata	5
310370	Araponga	Zona da Mata	12	Viçosa	62	Mata	5
310440	Argirita	Zona da Mata	12	Cataguases	66	Mata	5
310460	Astolfo Dutra	Zona da Mata	12	Ubá	64	Mata	5
310550	Barão de Monte Alto	Zona da Mata	12	Muriaé	63	Mata	5
310570	Barra Longa	Zona da Mata	12	Ponte Nova	60	Mata	5
310610	Belmiro Braga	Zona da Mata	12	Juiz de Fora	65	Mata	5
310680	Bias Fortes	Zona da Mata	12	Juiz de Fora	65	Mata	5
310690	Bicas	Zona da Mata	12	Juiz de Fora	65	Mata	5
310870	Brás Pires	Zona da Mata	12	Viçosa	62	Mata	5
311010	Caiana	Zona da Mata	12	Muriaé	63	Mata	5
311020	Cajuri	Zona da Mata	12	Viçosa	62	Mata	5
311170	Canaã	Zona da Mata	12	Viçosa	62	Mata	5
311210	Caparaó	Zona da Mata	12	Manhuaçu	61	Mata	5
311290	Caputira	Zona da Mata	12	Manhuaçu	61	Mata	5
311330	Carangola	Zona da Mata	12	Muriaé	63	Mata	5
311530	Cataguases	Zona da Mata	12	Cataguases	66	Mata	5
311590	Chácara	Zona da Mata	12	Juiz de Fora	65	Mata	5
311600	Chalé	Zona da Mata	12	Manhuaçu	61	Mata	5
311620	Chiador	Zona da Mata	12	Juiz de Fora	65	Mata	5
311630	Cipotânea	Zona da Mata	12	Viçosa	62	Mata	5
311670	Coimbra	Zona da Mata	12	Viçosa	62	Mata	5
311960	Coronel Pacheco	Zona da Mata	12	Juiz de Fora	65	Mata	5
312130	Descoberto	Zona da Mata	12	Juiz de Fora	65	Mata	5
312190	Divinésia	Zona da Mata	12	Ubá	64	Mata	5
312200	Divino	Zona da Mata	12	Muriaé	63	Mata	5
312270	Dom Silvério	Zona da Mata	12	Ponte Nova	60	Mata	5
312290	Dona Eusébia	Zona da Mata	12	Cataguases	66	Mata	5
312330	Dores do Turvo	Zona da Mata	12	Ubá	64	Mata	5
312352	Durandé	Zona da Mata	12	Manhuaçu	61	Mata	5
312400	Ervália	Zona da Mata	12	Viçosa	62	Mata	5
312420	Espera Feliz	Zona da Mata	12	Muriaé	63	Mata	5
312460	Estrela Dalva	Zona da Mata	12	Cataguases	66	Mata	5
312490	Eugenópolis	Zona da Mata	12	Muriaé	63	Mata	5
312500	Ewbank da Câmara	Zona da Mata	12	Juiz de Fora	65	Mata	5
312530	Faria Lemos	Zona da Mata	12	Muriaé	63	Mata	5
312595	Fervedouro	Zona da Mata	12	Muriaé	63	Mata	5
312738	Goianá	Zona da Mata	12	Juiz de Fora	65	Mata	5
312820	Guaraciaba	Zona da Mata	12	Ponte Nova	60	Mata	5
312840	Guarani	Zona da Mata	12	Ubá	64	Mata	5
312850	Guarará	Zona da Mata	12	Juiz de Fora	65	Mata	5
312880	Guidoval	Zona da Mata	12	Ubá	64	Mata	5
312900	Guiricema	Zona da Mata	12	Ubá	64	Mata	5
313260	Itamarati de Minas	Zona da Mata	12	Cataguases	66	Mata	5
313550	Jequeri	Zona da Mata	12	Ponte Nova	60	Mata	5
313670	Juiz de Fora	Zona da Mata	12	Juiz de Fora	65	Mata	5
313770	Lajinha	Zona da Mata	12	Manhuaçu	61	Mata	5
313790	Lamim	Zona da Mata	12	Viçosa	62	Mata	5
313800	Laranjal	Zona da Mata	12	Cataguases	66	Mata	5
313840	Leopoldina	Zona da Mata	12	Cataguases	66	Mata	5
313860	Lima Duarte	Zona da Mata	12	Juiz de Fora	65	Mata	5
313867	Luisburgo	Zona da Mata	12	Manhuaçu	61	Mata	5
313940	Manhuaçu	Zona da Mata	12	Manhuaçu	61	Mata	5
313950	Manhumirim	Zona da Mata	12	Manhuaçu	61	Mata	5
313980	Mar de Espanha	Zona da Mata	12	Juiz de Fora	65	Mata	5
314020	Maripá de Minas	Zona da Mata	12	Juiz de Fora	65	Mata	5
314053	Martins Soares	Zona da Mata	12	Manhuaçu	61	Mata	5
314080	Matias Barbosa	Zona da Mata	12	Juiz de Fora	65	Mata	5
314090	Matipó	Zona da Mata	12	Manhuaçu	61	Mata	5
314160	Mercês	Zona da Mata	12	Ubá	64	Mata	5
314210	Miradouro	Zona da Mata	12	Muriaé	63	Mata	5
314220	Miraí	Zona da Mata	12	Muriaé	63	Mata	5
314390	Muriaé	Zona da Mata	12	Muriaé	63	Mata	5
314540	Olaria	Zona da Mata	12	Juiz de Fora	65	Mata	5
314570	Oliveira Fortes	Zona da Mata	12	Juiz de Fora	65	Mata	5
314585	Oratórios	Zona da Mata	12	Ponte Nova	60	Mata	5
314587	Orizânia	Zona da Mata	12	Muriaé	63	Mata	5
314660	Paiva	Zona da Mata	12	Juiz de Fora	65	Mata	5
314670	Palma	Zona da Mata	12	Cataguases	66	Mata	5
314820	Patrocínio do Muriaé	Zona da Mata	12	Muriaé	63	Mata	5
314830	Paula Cândido	Zona da Mata	12	Viçosa	62	Mata	5
314875	Pedra Bonita	Zona da Mata	12	Manhuaçu	61	Mata	5
314880	Pedra do Anta	Zona da Mata	12	Viçosa	62	Mata	5
314900	Pedra Dourada	Zona da Mata	12	Muriaé	63	Mata	5
314940	Pedro Teixeira	Zona da Mata	12	Juiz de Fora	65	Mata	5
314950	Pequeri	Zona da Mata	12	Juiz de Fora	65	Mata	5
315010	Piau	Zona da Mata	12	Juiz de Fora	65	Mata	5
315020	Piedade de Ponte Nova	Zona da Mata	12	Ponte Nova	60	Mata	5
315080	Piranga	Zona da Mata	12	Viçosa	62	Mata	5
315110	Pirapetinga	Zona da Mata	12	Cataguases	66	Mata	5
315130	Piraúba	Zona da Mata	12	Ubá	64	Mata	5
315210	Ponte Nova	Zona da Mata	12	Ponte Nova	60	Mata	5
315230	Porto Firme	Zona da Mata	12	Viçosa	62	Mata	5
315310	Presidente Bernardes	Zona da Mata	12	Viçosa	62	Mata	5
315400	Raul Soares	Zona da Mata	12	Ponte Nova	60	Mata	5
315410	Recreio	Zona da Mata	12	Cataguases	66	Mata	5
315415	Reduto	Zona da Mata	12	Manhuaçu	61	Mata	5
315490	Rio Casca	Zona da Mata	12	Ponte Nova	60	Mata	5
315500	Rio Doce	Zona da Mata	12	Ponte Nova	60	Mata	5
315520	Rio Espera	Zona da Mata	12	Viçosa	62	Mata	5
315540	Rio Novo	Zona da Mata	12	Juiz de Fora	65	Mata	5
315580	Rio Pomba	Zona da Mata	12	Ubá	64	Mata	5
315590	Rio Preto	Zona da Mata	12	Juiz de Fora	65	Mata	5
315620	Rochedo de Minas	Zona da Mata	12	Juiz de Fora	65	Mata	5
315630	Rodeiro	Zona da Mata	12	Ubá	64	Mata	5
315645	Rosário da Limeira	Zona da Mata	12	Muriaé	63	Mata	5
315727	Santa Bárbara do Monte Verde	Zona da Mata	12	Juiz de Fora	65	Mata	5
315740	Santa Cruz do Escalvado	Zona da Mata	12	Ponte Nova	60	Mata	5
315790	Santa Margarida	Zona da Mata	12	Manhuaçu	61	Mata	5
315940	Santa Rita de Ibitipoca	Zona da Mata	12	Juiz de Fora	65	Mata	5
315930	Santa Rita de Jacutinga	Zona da Mata	12	Juiz de Fora	65	Mata	5
315840	Santana de Cataguases	Zona da Mata	12	Cataguases	66	Mata	5
315860	Santana do Deserto	Zona da Mata	12	Juiz de Fora	65	Mata	5
315890	Santana do Manhuaçu	Zona da Mata	12	Manhuaçu	61	Mata	5
316000	Santo Antônio do Aventureiro	Zona da Mata	12	Cataguases	66	Mata	5
316010	Santo Antônio do Grama	Zona da Mata	12	Ponte Nova	60	Mata	5
316070	Santos Dumont	Zona da Mata	12	Juiz de Fora	65	Mata	5
316140	São Francisco do Glória	Zona da Mata	12	Muriaé	63	Mata	5
316150	São Geraldo	Zona da Mata	12	Ubá	64	Mata	5
316255	São João do Manhuaçu	Zona da Mata	12	Manhuaçu	61	Mata	5
316290	São João Nepomuceno	Zona da Mata	12	Juiz de Fora	65	Mata	5
316360	São José do Mantimento	Zona da Mata	12	Manhuaçu	61	Mata	5
316380	São Miguel do Anta	Zona da Mata	12	Viçosa	62	Mata	5
316400	São Pedro dos Ferros	Zona da Mata	12	Ponte Nova	60	Mata	5
316443	São Sebastião da Vargem Alegre	Zona da Mata	12	Muriaé	63	Mata	5
316556	Sem-Peixe	Zona da Mata	12	Ponte Nova	60	Mata	5
316560	Senador Cortes	Zona da Mata	12	Juiz de Fora	65	Mata	5
316570	Senador Firmino	Zona da Mata	12	Ubá	64	Mata	5
316600	Senhora de Oliveira	Zona da Mata	12	Viçosa	62	Mata	5
316630	Sericita	Zona da Mata	12	Ponte Nova	60	Mata	5
316730	Silveirânia	Zona da Mata	12	Ubá	64	Mata	5
316750	Simão Pereira	Zona da Mata	12	Juiz de Fora	65	Mata	5
316760	Simonésia	Zona da Mata	12	Manhuaçu	61	Mata	5
316790	Tabuleiro	Zona da Mata	12	Ubá	64	Mata	5
316850	Teixeiras	Zona da Mata	12	Viçosa	62	Mata	5
316900	Tocantins	Zona da Mata	12	Ubá	64	Mata	5
316920	Tombos	Zona da Mata	12	Muriaé	63	Mata	5
316990	Ubá	Zona da Mata	12	Ubá	64	Mata	5
317050	Urucânia	Zona da Mata	12	Ponte Nova	60	Mata	5
317115	Vermelho Novo	Zona da Mata	12	Ponte Nova	60	Mata	5
317130	Viçosa	Zona da Mata	12	Viçosa	62	Mata	5
317140	Vieiras	Zona da Mata	12	Muriaé	63	Mata	5
317200	Visconde do Rio Branco	Zona da Mata	12	Ubá	64	Mata	5
317210	Volta Grande	Zona da Mata	12	Cataguases	66	Mata	5
310450	Arinos	Noroeste de Minas	1	Unaí	1	Noroeste de Minas	6
310820	Bonfinópolis de Minas	Noroeste de Minas	1	Unaí	1	Noroeste de Minas	6
310855	Brasilândia de Minas	Noroeste de Minas	1	Paracatu	2	Noroeste de Minas	6
310930	Buritis	Noroeste de Minas	1	Unaí	1	Noroeste de Minas	6
310945	Cabeceira Grande	Noroeste de Minas	1	Unaí	1	Noroeste de Minas	6
312247	Dom Bosco	Noroeste de Minas	1	Unaí	1	Noroeste de Minas	6
312620	Formoso	Noroeste de Minas	1	Unaí	1	Noroeste de Minas	6
312860	Guarda-Mor	Noroeste de Minas	1	Paracatu	2	Noroeste de Minas	6
313630	João Pinheiro	Noroeste de Minas	1	Paracatu	2	Noroeste de Minas	6
313710	Lagamar	Noroeste de Minas	1	Paracatu	2	Noroeste de Minas	6
313753	Lagoa Grande	Noroeste de Minas	1	Paracatu	2	Noroeste de Minas	6
314437	Natalândia	Noroeste de Minas	1	Unaí	1	Noroeste de Minas	6
314700	Paracatu	Noroeste de Minas	1	Paracatu	2	Noroeste de Minas	6
315340	Presidente Olegário	Noroeste de Minas	1	Paracatu	2	Noroeste de Minas	6
316170	São Gonçalo do Abaeté	Noroeste de Minas	1	Paracatu	2	Noroeste de Minas	6
317040	Unaí	Noroeste de Minas	1	Unaí	1	Noroeste de Minas	6
317047	Uruana de Minas	Noroeste de Minas	1	Unaí	1	Noroeste de Minas	6
317075	Varjão de MInas	Noroeste de Minas	1	Paracatu	2	Noroeste de Minas	6
317100	Vazante	Noroeste de Minas	1	Paracatu	2	Noroeste de Minas	6
310100	Águas Vermelhas	Norte de Minas	2	Salinas	5	Norte de Minas	7
310665	Berizal	Norte de Minas	2	Salinas	5	Norte de Minas	7
310730	Bocaiúva	Norte de Minas	2	Bocaiúva	9	Norte de Minas	7
310825	Bonito de Minas	Norte de Minas	2	Januária	3	Norte de Minas	7
310850	Botumirim	Norte de Minas	2	Grão Mogol	8	Norte de Minas	7
310860	Brasília de Minas	Norte de Minas	2	Montes Claros	7	Norte de Minas	7
310940	Buritizeiro	Norte de Minas	2	Pirapora	6	Norte de Minas	7
311115	Campo Azul	Norte de Minas	2	Montes Claros	7	Norte de Minas	7
311270	Capitão Enéas	Norte de Minas	2	Montes Claros	7	Norte de Minas	7
311547	Catuti	Norte de Minas	2	Janaúba	4	Norte de Minas	7
311615	Chapada Gaúcha	Norte de Minas	2	Januária	3	Norte de Minas	7
311650	Claro dos Poções	Norte de Minas	2	Montes Claros	7	Norte de Minas	7
311783	Cônego Marinho	Norte de Minas	2	Januária	3	Norte de Minas	7
311880	Coração de Jesus	Norte de Minas	2	Montes Claros	7	Norte de Minas	7
312030	Cristália	Norte de Minas	2	Grão Mogol	8	Norte de Minas	7
312087	Curral de Dentro	Norte de Minas	2	Salinas	5	Norte de Minas	7
312235	Divisa Alegre	Norte de Minas	2	Salinas	5	Norte de Minas	7
312380	Engenheiro Navarro	Norte de Minas	2	Bocaiúva	9	Norte de Minas	7
312430	Espinosa	Norte de Minas	2	Janaúba	4	Norte de Minas	7
312660	Francisco Dumont	Norte de Minas	2	Bocaiúva	9	Norte de Minas	7
312670	Francisco Sá	Norte de Minas	2	Montes Claros	7	Norte de Minas	7
312707	Fruta de Leite	Norte de Minas	2	Salinas	5	Norte de Minas	7
312733	Gameleiras	Norte de Minas	2	Janaúba	4	Norte de Minas	7
312735	Glaucilândia	Norte de Minas	2	Montes Claros	7	Norte de Minas	7
312780	Grão Mogol	Norte de Minas	2	Grão Mogol	8	Norte de Minas	7
312825	Guaraciama	Norte de Minas	2	Bocaiúva	9	Norte de Minas	7
312960	Ibiaí	Norte de Minas	2	Pirapora	6	Norte de Minas	7
312965	Ibiracatu	Norte de Minas	2	Montes Claros	7	Norte de Minas	7
313005	Icaraí de Minas	Norte de Minas	2	Januária	3	Norte de Minas	7
313065	Indaiabira	Norte de Minas	2	Salinas	5	Norte de Minas	7
313200	Itacambira	Norte de Minas	2	Grão Mogol	8	Norte de Minas	7
313210	Itacarambi	Norte de Minas	2	Januária	3	Norte de Minas	7
313505	Jaíba	Norte de Minas	2	Janaúba	4	Norte de Minas	7
313510	Janaúba	Norte de Minas	2	Janaúba	4	Norte de Minas	7
313520	Januária	Norte de Minas	2	Januária	3	Norte de Minas	7
313535	Japonvar	Norte de Minas	2	Montes Claros	7	Norte de Minas	7
313560	Jequitaí	Norte de Minas	2	Pirapora	6	Norte de Minas	7
313657	Josenópolis	Norte de Minas	2	Grão Mogol	8	Norte de Minas	7
313680	Juramento	Norte de Minas	2	Montes Claros	7	Norte de Minas	7
313695	Juvenília	Norte de Minas	2	Januária	3	Norte de Minas	7
313730	Lagoa dos Patos	Norte de Minas	2	Pirapora	6	Norte de Minas	7
313810	Lassance	Norte de Minas	2	Pirapora	6	Norte de Minas	7
313865	Lontra	Norte de Minas	2	Montes Claros	7	Norte de Minas	7
313868	Luislândia	Norte de Minas	2	Montes Claros	7	Norte de Minas	7
313925	Mamonas	Norte de Minas	2	Janaúba	4	Norte de Minas	7
313930	Manga	Norte de Minas	2	Januária	3	Norte de Minas	7
314085	Matias Cardoso	Norte de Minas	2	Januária	3	Norte de Minas	7
314100	Mato Verde	Norte de Minas	2	Janaúba	4	Norte de Minas	7
314200	Mirabela	Norte de Minas	2	Montes Claros	7	Norte de Minas	7
314225	Miravânia	Norte de Minas	2	Januária	3	Norte de Minas	7
314270	Montalvânia	Norte de Minas	2	Januária	3	Norte de Minas	7
314290	Monte Azul	Norte de Minas	2	Janaúba	4	Norte de Minas	7
314330	Montes Claros	Norte de Minas	2	Montes Claros	7	Norte de Minas	7
314345	Montezuma	Norte de Minas	2	Salinas	5	Norte de Minas	7
314465	Ninheira	Norte de Minas	2	Salinas	5	Norte de Minas	7
314505	Nova Porteirinha	Norte de Minas	2	Janaúba	4	Norte de Minas	7
314537	Novorizonte	Norte de Minas	2	Salinas	5	Norte de Minas	7
314545	Olhos-d'Água	Norte de Minas	2	Bocaiúva	9	Norte de Minas	7
314625	Padre Carvalho	Norte de Minas	2	Grão Mogol	8	Norte de Minas	7
314655	Pai Pedro	Norte de Minas	2	Janaúba	4	Norte de Minas	7
314795	Patis	Norte de Minas	2	Montes Claros	7	Norte de Minas	7
314915	Pedras de Maria da Cruz	Norte de Minas	2	Januária	3	Norte de Minas	7
315057	Pintópolis	Norte de Minas	2	Januária	3	Norte de Minas	7
315120	Pirapora	Norte de Minas	2	Pirapora	6	Norte de Minas	7
315213	Ponto Chique	Norte de Minas	2	Montes Claros	7	Norte de Minas	7
315220	Porteirinha	Norte de Minas	2	Janaúba	4	Norte de Minas	7
315445	Riachinho	Norte de Minas	2	Pirapora	6	Norte de Minas	7
315450	Riacho dos Machados	Norte de Minas	2	Janaúba	4	Norte de Minas	7
315560	Rio Pardo de Minas	Norte de Minas	2	Salinas	5	Norte de Minas	7
315650	Rubelita	Norte de Minas	2	Salinas	5	Norte de Minas	7
315700	Salinas	Norte de Minas	2	Salinas	5	Norte de Minas	7
315737	Santa Cruz de Salinas	Norte de Minas	2	Salinas	5	Norte de Minas	7
315760	Santa Fé de Minas	Norte de Minas	2	Pirapora	6	Norte de Minas	7
316045	Santo Antônio do Retiro	Norte de Minas	2	Salinas	5	Norte de Minas	7
316110	São Francisco	Norte de Minas	2	Januária	3	Norte de Minas	7
316225	São João da Lagoa	Norte de Minas	2	Montes Claros	7	Norte de Minas	7
316240	São João da Ponte	Norte de Minas	2	Montes Claros	7	Norte de Minas	7
316245	São João das Missões	Norte de Minas	2	Januária	3	Norte de Minas	7
316265	São João do Pacuí	Norte de Minas	2	Montes Claros	7	Norte de Minas	7
316270	São João do Paraíso	Norte de Minas	2	Salinas	5	Norte de Minas	7
316420	São Romão	Norte de Minas	2	Pirapora	6	Norte de Minas	7
316695	Serranópolis de Minas	Norte de Minas	2	Janaúba	4	Norte de Minas	7
316800	Taiobeiras	Norte de Minas	2	Salinas	5	Norte de Minas	7
317000	Ubaí	Norte de Minas	2	Montes Claros	7	Norte de Minas	7
317052	Urucuia	Norte de Minas	2	Januária	3	Norte de Minas	7
317065	Vargem Grande do Rio Pardo	Norte de Minas	2	Salinas	5	Norte de Minas	7
317080	Várzea da Palma	Norte de Minas	2	Pirapora	6	Norte de Minas	7
317090	Varzelândia	Norte de Minas	2	Montes Claros	7	Norte de Minas	7
317103	Verdelândia	Norte de Minas	2	Montes Claros	7	Norte de Minas	7
310050	Açucena	Vale do Rio Doce	8	Ipatinga	39	Rio Doce	8
310060	Água Boa	Vale do Rio Doce	8	Peçanha	36	Rio Doce	8
310110	Aimorés	Vale do Rio Doce	8	Aimorés	41	Rio Doce	8
310180	Alpercata	Vale do Rio Doce	8	Governador Valadares	37	Rio Doce	8
310220	Alvarenga	Vale do Rio Doce	8	Aimorés	41	Rio Doce	8
310300	Antônio Dias	Vale do Rio Doce	8	Ipatinga	39	Rio Doce	8
310630	Belo Oriente	Vale do Rio Doce	8	Ipatinga	39	Rio Doce	8
310780	Bom Jesus do Galho	Vale do Rio Doce	8	Caratinga	40	Rio Doce	8
310880	Braúnas	Vale do Rio Doce	8	Guanhães	35	Rio Doce	8
310925	Bugre	Vale do Rio Doce	8	Caratinga	40	Rio Doce	8
311080	Campanário	Vale do Rio Doce	8	Governador Valadares	37	Rio Doce	8
311205	Cantagalo	Vale do Rio Doce	8	Peçanha	36	Rio Doce	8
311265	Capitão Andrade	Vale do Rio Doce	8	Governador Valadares	37	Rio Doce	8
311340	Caratinga	Vale do Rio Doce	8	Caratinga	40	Rio Doce	8
311380	Carmésia	Vale do Rio Doce	8	Guanhães	35	Rio Doce	8
311570	Central de Minas	Vale do Rio Doce	8	Mantena	38	Rio Doce	8
311680	Coluna	Vale do Rio Doce	8	Guanhães	35	Rio Doce	8
311740	Conceição de Ipanema	Vale do Rio Doce	8	Aimorés	41	Rio Doce	8
311840	Conselheiro Pena	Vale do Rio Doce	8	Aimorés	41	Rio Doce	8
311920	Coroaci	Vale do Rio Doce	8	Governador Valadares	37	Rio Doce	8
311940	Coronel Fabriciano	Vale do Rio Doce	8	Ipatinga	39	Rio Doce	8
312000	Córrego Novo	Vale do Rio Doce	8	Caratinga	40	Rio Doce	8
312083	Cuparaque	Vale do Rio Doce	8	Aimorés	41	Rio Doce	8
312210	Divino das Laranjeiras	Vale do Rio Doce	8	Governador Valadares	37	Rio Doce	8
312220	Divinolândia de Minas	Vale do Rio Doce	8	Guanhães	35	Rio Doce	8
312250	Dom Cavati	Vale do Rio Doce	8	Caratinga	40	Rio Doce	8
312310	Dores de Guanhães	Vale do Rio Doce	8	Guanhães	35	Rio Doce	8
312370	Engenheiro Caldas	Vale do Rio Doce	8	Governador Valadares	37	Rio Doce	8
312385	Entre Folhas	Vale do Rio Doce	8	Caratinga	40	Rio Doce	8
312580	Fernandes Tourinho	Vale do Rio Doce	8	Governador Valadares	37	Rio Doce	8
312690	Frei Inocêncio	Vale do Rio Doce	8	Governador Valadares	37	Rio Doce	8
312695	Frei Lagonegro	Vale do Rio Doce	8	Peçanha	36	Rio Doce	8
312730	Galiléia	Vale do Rio Doce	8	Governador Valadares	37	Rio Doce	8
312737	Goiabeira	Vale do Rio Doce	8	Aimorés	41	Rio Doce	8
312750	Gonzaga	Vale do Rio Doce	8	Guanhães	35	Rio Doce	8
312770	Governador Valadares	Vale do Rio Doce	8	Governador Valadares	37	Rio Doce	8
312800	Guanhães	Vale do Rio Doce	8	Guanhães	35	Rio Doce	8
312930	Iapu	Vale do Rio Doce	8	Caratinga	40	Rio Doce	8
313055	Imbé de Minas	Vale do Rio Doce	8	Caratinga	40	Rio Doce	8
313090	Inhapim	Vale do Rio Doce	8	Caratinga	40	Rio Doce	8
313115	Ipaba	Vale do Rio Doce	8	Caratinga	40	Rio Doce	8
313120	Ipanema	Vale do Rio Doce	8	Aimorés	41	Rio Doce	8
313130	Ipatinga	Vale do Rio Doce	8	Ipatinga	39	Rio Doce	8
313180	Itabirinha de Mantena	Vale do Rio Doce	8	Mantena	38	Rio Doce	8
313270	Itambacuri	Vale do Rio Doce	8	Governador Valadares	37	Rio Doce	8
313320	Itanhomi	Vale do Rio Doce	8	Governador Valadares	37	Rio Doce	8
313410	Itueta	Vale do Rio Doce	8	Aimorés	41	Rio Doce	8
313500	Jaguaraçu	Vale do Rio Doce	8	Ipatinga	39	Rio Doce	8
313507	Jampruca	Vale do Rio Doce	8	Governador Valadares	37	Rio Doce	8
313610	Joanésia	Vale do Rio Doce	8	Ipatinga	39	Rio Doce	8
313655	José Raydan	Vale do Rio Doce	8	Peçanha	36	Rio Doce	8
313960	Mantena	Vale do Rio Doce	8	Mantena	38	Rio Doce	8
314010	Marilac	Vale do Rio Doce	8	Governador Valadares	37	Rio Doce	8
314030	Marliéria	Vale do Rio Doce	8	Ipatinga	39	Rio Doce	8
314060	Materlândia	Vale do Rio Doce	8	Guanhães	35	Rio Doce	8
317150	Mathias Lobato	Vale do Rio Doce	8	Governador Valadares	37	Rio Doce	8
314150	Mendes Pimentel	Vale do Rio Doce	8	Mantena	38	Rio Doce	8
314170	Mesquita	Vale do Rio Doce	8	Ipatinga	39	Rio Doce	8
314400	Mutum	Vale do Rio Doce	8	Aimorés	41	Rio Doce	8
314420	Nacip Raydan	Vale do Rio Doce	8	Governador Valadares	37	Rio Doce	8
314435	Naque	Vale do Rio Doce	8	Ipatinga	39	Rio Doce	8
314467	Nova Belém	Vale do Rio Doce	8	Mantena	38	Rio Doce	8
314490	Nova Módica	Vale do Rio Doce	8	Governador Valadares	37	Rio Doce	8
314840	Paulistas	Vale do Rio Doce	8	Guanhães	35	Rio Doce	8
314860	Peçanha	Vale do Rio Doce	8	Peçanha	36	Rio Doce	8
314995	Periquito	Vale do Rio Doce	8	Ipatinga	39	Rio Doce	8
315000	Pescador	Vale do Rio Doce	8	Governador Valadares	37	Rio Doce	8
315015	Piedade de Caratinga	Vale do Rio Doce	8	Caratinga	40	Rio Doce	8
315053	Pingo-d'Água	Vale do Rio Doce	8	Caratinga	40	Rio Doce	8
315190	Pocrane	Vale do Rio Doce	8	Aimorés	41	Rio Doce	8
315430	Resplendor	Vale do Rio Doce	8	Aimorés	41	Rio Doce	8
315680	Sabinópolis	Vale do Rio Doce	8	Guanhães	35	Rio Doce	8
315725	Santa Bárbara do Leste	Vale do Rio Doce	8	Caratinga	40	Rio Doce	8
315750	Santa Efigênia de Minas	Vale do Rio Doce	8	Guanhães	35	Rio Doce	8
315820	Santa Maria do Suaçuí	Vale do Rio Doce	8	Peçanha	36	Rio Doce	8
315935	Santa Rita de Minas	Vale do Rio Doce	8	Caratinga	40	Rio Doce	8
315950	Santa Rita do Itueto	Vale do Rio Doce	8	Aimorés	41	Rio Doce	8
315895	Santana do Paraíso	Vale do Rio Doce	8	Ipatinga	39	Rio Doce	8
316095	São Domingos das Dores	Vale do Rio Doce	8	Caratinga	40	Rio Doce	8
316105	São Félix de Minas	Vale do Rio Doce	8	Mantena	38	Rio Doce	8
316160	São Geraldo da Piedade	Vale do Rio Doce	8	Governador Valadares	37	Rio Doce	8
316165	São Geraldo do Baixio	Vale do Rio Doce	8	Governador Valadares	37	Rio Doce	8
316257	São João do Manteninha	Vale do Rio Doce	8	Mantena	38	Rio Doce	8
316260	São João do Oriente	Vale do Rio Doce	8	Caratinga	40	Rio Doce	8
316280	São João Evangelista	Vale do Rio Doce	8	Guanhães	35	Rio Doce	8
316300	São José da Safira	Vale do Rio Doce	8	Governador Valadares	37	Rio Doce	8
316330	São José do Divino	Vale do Rio Doce	8	Governador Valadares	37	Rio Doce	8
316350	São José do Jacuri	Vale do Rio Doce	8	Peçanha	36	Rio Doce	8
316410	São Pedro do Suaçuí	Vale do Rio Doce	8	Peçanha	36	Rio Doce	8
316447	São Sebastião do Anta	Vale do Rio Doce	8	Caratinga	40	Rio Doce	8
316450	São Sebastião do Maranhão	Vale do Rio Doce	8	Peçanha	36	Rio Doce	8
316550	Sardoá	Vale do Rio Doce	8	Guanhães	35	Rio Doce	8
316610	Senhora do Porto	Vale do Rio Doce	8	Guanhães	35	Rio Doce	8
316770	Sobrália	Vale do Rio Doce	8	Governador Valadares	37	Rio Doce	8
316805	Taparuba	Vale do Rio Doce	8	Aimorés	41	Rio Doce	8
316840	Tarumirim	Vale do Rio Doce	8	Caratinga	40	Rio Doce	8
316870	Timóteo	Vale do Rio Doce	8	Ipatinga	39	Rio Doce	8
316950	Tumiritinga	Vale do Rio Doce	8	Governador Valadares	37	Rio Doce	8
317005	Ubaporanga	Vale do Rio Doce	8	Caratinga	40	Rio Doce	8
317057	Vargem Alegre	Vale do Rio Doce	8	Caratinga	40	Rio Doce	8
317180	Virginópolis	Vale do Rio Doce	8	Guanhães	35	Rio Doce	8
317190	Virgolândia	Vale do Rio Doce	8	Governador Valadares	37	Rio Doce	8
310120	Aiuruoca	Sul/Sudoeste de Minas	10	Andrelândia	55	Sul de Minas	9
310130	Alagoa	Sul/Sudoeste de Minas	10	São Lourenço	54	Sul de Minas	9
310140	Albertina	Sul/Sudoeste de Minas	10	Poços de Caldas	51	Sul de Minas	9
310160	Alfenas	Sul/Sudoeste de Minas	10	Alfenas	49	Sul de Minas	9
310190	Alpinópolis	Sul/Sudoeste de Minas	10	Passos	47	Sul de Minas	9
310200	Alterosa	Sul/Sudoeste de Minas	10	Alfenas	49	Sul de Minas	9
310260	Andradas	Sul/Sudoeste de Minas	10	Poços de Caldas	51	Sul de Minas	9
310280	Andrelândia	Sul/Sudoeste de Minas	10	Andrelândia	55	Sul de Minas	9
310360	Arantina	Sul/Sudoeste de Minas	10	Andrelândia	55	Sul de Minas	9
310410	Arceburgo	Sul/Sudoeste de Minas	10	São Sebastião do Paraíso	48	Sul de Minas	9
310430	Areado	Sul/Sudoeste de Minas	10	Alfenas	49	Sul de Minas	9
310490	Baependi	Sul/Sudoeste de Minas	10	São Lourenço	54	Sul de Minas	9
310530	Bandeira do Sul	Sul/Sudoeste de Minas	10	Poços de Caldas	51	Sul de Minas	9
310710	Boa Esperança	Sul/Sudoeste de Minas	10	Varginha	50	Sul de Minas	9
310720	Bocaina de Minas	Sul/Sudoeste de Minas	10	Andrelândia	55	Sul de Minas	9
310750	Bom Jardim de Minas	Sul/Sudoeste de Minas	10	Andrelândia	55	Sul de Minas	9
310760	Bom Jesus da Penha	Sul/Sudoeste de Minas	10	Passos	47	Sul de Minas	9
310790	Bom Repouso	Sul/Sudoeste de Minas	10	Pouso Alegre	52	Sul de Minas	9
310830	Borda da Mata	Sul/Sudoeste de Minas	10	Pouso Alegre	52	Sul de Minas	9
310840	Botelhos	Sul/Sudoeste de Minas	10	Poços de Caldas	51	Sul de Minas	9
310890	Brasópolis	Sul/Sudoeste de Minas	10	Itajubá	56	Sul de Minas	9
310910	Bueno Brandão	Sul/Sudoeste de Minas	10	Pouso Alegre	52	Sul de Minas	9
310950	Cabo Verde	Sul/Sudoeste de Minas	10	São Sebastião do Paraíso	48	Sul de Minas	9
310970	Cachoeira de Minas	Sul/Sudoeste de Minas	10	Santa Rita do Sapucaí	53	Sul de Minas	9
311030	Caldas	Sul/Sudoeste de Minas	10	Poços de Caldas	51	Sul de Minas	9
311050	Camanducaia	Sul/Sudoeste de Minas	10	Pouso Alegre	52	Sul de Minas	9
311060	Cambuí	Sul/Sudoeste de Minas	10	Pouso Alegre	52	Sul de Minas	9
311070	Cambuquira	Sul/Sudoeste de Minas	10	São Lourenço	54	Sul de Minas	9
311090	Campanha	Sul/Sudoeste de Minas	10	Varginha	50	Sul de Minas	9
311100	Campestre	Sul/Sudoeste de Minas	10	Poços de Caldas	51	Sul de Minas	9
311130	Campo do Meio	Sul/Sudoeste de Minas	10	Varginha	50	Sul de Minas	9
311160	Campos Gerais	Sul/Sudoeste de Minas	10	Varginha	50	Sul de Minas	9
311240	Capetinga	Sul/Sudoeste de Minas	10	Passos	47	Sul de Minas	9
311280	Capitólio	Sul/Sudoeste de Minas	10	Passos	47	Sul de Minas	9
311360	Careaçu	Sul/Sudoeste de Minas	10	Santa Rita do Sapucaí	53	Sul de Minas	9
311390	Carmo da Cachoeira	Sul/Sudoeste de Minas	10	Varginha	50	Sul de Minas	9
311410	Carmo de Minas	Sul/Sudoeste de Minas	10	São Lourenço	54	Sul de Minas	9
311440	Carmo do Rio Claro	Sul/Sudoeste de Minas	10	Alfenas	49	Sul de Minas	9
311460	Carrancas	Campo das Vertentes	11	Lavras	57	Sul de Minas	9
311470	Carvalhópolis	Sul/Sudoeste de Minas	10	Alfenas	49	Sul de Minas	9
311480	Carvalhos	Sul/Sudoeste de Minas	10	Andrelândia	55	Sul de Minas	9
311510	Cássia	Sul/Sudoeste de Minas	10	Passos	47	Sul de Minas	9
311550	Caxambu	Sul/Sudoeste de Minas	10	São Lourenço	54	Sul de Minas	9
311640	Claraval	Sul/Sudoeste de Minas	10	Passos	47	Sul de Minas	9
311710	Conceição da Aparecida	Sul/Sudoeste de Minas	10	Alfenas	49	Sul de Minas	9
311720	Conceição das Pedras	Sul/Sudoeste de Minas	10	Santa Rita do Sapucaí	53	Sul de Minas	9
311770	Conceição do Rio Verde	Sul/Sudoeste de Minas	10	São Lourenço	54	Sul de Minas	9
311780	Conceição dos Ouros	Sul/Sudoeste de Minas	10	Santa Rita do Sapucaí	53	Sul de Minas	9
311790	Congonhal	Sul/Sudoeste de Minas	10	Pouso Alegre	52	Sul de Minas	9
311850	Consolação	Sul/Sudoeste de Minas	10	Itajubá	56	Sul de Minas	9
311870	Coqueiral	Sul/Sudoeste de Minas	10	Varginha	50	Sul de Minas	9
311900	Cordislândia	Sul/Sudoeste de Minas	10	Santa Rita do Sapucaí	53	Sul de Minas	9
311990	Córrego do Bom Jesus	Sul/Sudoeste de Minas	10	Pouso Alegre	52	Sul de Minas	9
312050	Cristina	Sul/Sudoeste de Minas	10	Itajubá	56	Sul de Minas	9
312080	Cruzília	Sul/Sudoeste de Minas	10	Andrelândia	55	Sul de Minas	9
312110	Delfim Moreira	Sul/Sudoeste de Minas	10	Itajubá	56	Sul de Minas	9
312120	Delfinópolis	Sul/Sudoeste de Minas	10	Passos	47	Sul de Minas	9
312240	Divisa Nova	Sul/Sudoeste de Minas	10	Alfenas	49	Sul de Minas	9
312280	Dom Viçoso	Sul/Sudoeste de Minas	10	Itajubá	56	Sul de Minas	9
312360	Elói Mendes	Sul/Sudoeste de Minas	10	Varginha	50	Sul de Minas	9
312440	Espírito Santo do Dourado	Sul/Sudoeste de Minas	10	Pouso Alegre	52	Sul de Minas	9
312450	Estiva	Sul/Sudoeste de Minas	10	Pouso Alegre	52	Sul de Minas	9
312510	Extrema	Sul/Sudoeste de Minas	10	Pouso Alegre	52	Sul de Minas	9
312520	Fama	Sul/Sudoeste de Minas	10	Alfenas	49	Sul de Minas	9
312630	Fortaleza de Minas	Sul/Sudoeste de Minas	10	Passos	47	Sul de Minas	9
312740	Gonçalves	Sul/Sudoeste de Minas	10	Pouso Alegre	52	Sul de Minas	9
312810	Guapé	Sul/Sudoeste de Minas	10	Varginha	50	Sul de Minas	9
312830	Guaranésia	Sul/Sudoeste de Minas	10	São Sebastião do Paraíso	48	Sul de Minas	9
312870	Guaxupé	Sul/Sudoeste de Minas	10	São Sebastião do Paraíso	48	Sul de Minas	9
312920	Heliodora	Sul/Sudoeste de Minas	10	Santa Rita do Sapucaí	53	Sul de Minas	9
312970	Ibiraci	Sul/Sudoeste de Minas	10	Passos	47	Sul de Minas	9
312990	Ibitiúra de Minas	Sul/Sudoeste de Minas	10	Poços de Caldas	51	Sul de Minas	9
313040	Ijaci	Campo das Vertentes	11	Lavras	57	Sul de Minas	9
313050	Ilicínea	Sul/Sudoeste de Minas	10	Varginha	50	Sul de Minas	9
313060	Inconfidentes	Sul/Sudoeste de Minas	10	Poços de Caldas	51	Sul de Minas	9
313080	Ingaí	Campo das Vertentes	11	Lavras	57	Sul de Minas	9
313150	Ipuiúna	Sul/Sudoeste de Minas	10	Pouso Alegre	52	Sul de Minas	9
313240	Itajubá	Sul/Sudoeste de Minas	10	Itajubá	56	Sul de Minas	9
313290	Itamogi	Sul/Sudoeste de Minas	10	São Sebastião do Paraíso	48	Sul de Minas	9
313300	Itamonte	Sul/Sudoeste de Minas	10	São Lourenço	54	Sul de Minas	9
313310	Itanhandu	Sul/Sudoeste de Minas	10	São Lourenço	54	Sul de Minas	9
313360	Itapeva	Sul/Sudoeste de Minas	10	Pouso Alegre	52	Sul de Minas	9
313375	Itaú de Minas	Sul/Sudoeste de Minas	10	Passos	47	Sul de Minas	9
313430	Itumirim	Campo das Vertentes	11	Lavras	57	Sul de Minas	9
313450	Itutinga	Campo das Vertentes	11	Lavras	57	Sul de Minas	9
313480	Jacuí	Sul/Sudoeste de Minas	10	São Sebastião do Paraíso	48	Sul de Minas	9
313490	Jacutinga	Sul/Sudoeste de Minas	10	Poços de Caldas	51	Sul de Minas	9
313590	Jesuânia	Sul/Sudoeste de Minas	10	São Lourenço	54	Sul de Minas	9
313690	Juruaia	Sul/Sudoeste de Minas	10	São Sebastião do Paraíso	48	Sul de Minas	9
313780	Lambari	Sul/Sudoeste de Minas	10	São Lourenço	54	Sul de Minas	9
313820	Lavras	Campo das Vertentes	11	Lavras	57	Sul de Minas	9
313850	Liberdade	Sul/Sudoeste de Minas	10	Andrelândia	55	Sul de Minas	9
313870	Luminárias	Campo das Vertentes	11	Lavras	57	Sul de Minas	9
313900	Machado	Sul/Sudoeste de Minas	10	Alfenas	49	Sul de Minas	9
313990	Maria da Fé	Sul/Sudoeste de Minas	10	Itajubá	56	Sul de Minas	9
314040	Marmelópolis	Sul/Sudoeste de Minas	10	Itajubá	56	Sul de Minas	9
314190	Minduri	Sul/Sudoeste de Minas	10	Andrelândia	55	Sul de Minas	9
314260	Monsenhor Paulo	Sul/Sudoeste de Minas	10	Varginha	50	Sul de Minas	9
314300	Monte Belo	Sul/Sudoeste de Minas	10	São Sebastião do Paraíso	48	Sul de Minas	9
314320	Monte Santo de Minas	Sul/Sudoeste de Minas	10	São Sebastião do Paraíso	48	Sul de Minas	9
314340	Monte Sião	Sul/Sudoeste de Minas	10	Poços de Caldas	51	Sul de Minas	9
314380	Munhoz	Sul/Sudoeste de Minas	10	Pouso Alegre	52	Sul de Minas	9
314410	Muzambinho	Sul/Sudoeste de Minas	10	São Sebastião do Paraíso	48	Sul de Minas	9
314440	Natércia	Sul/Sudoeste de Minas	10	Santa Rita do Sapucaí	53	Sul de Minas	9
314460	Nepomuceno	Campo das Vertentes	11	Lavras	57	Sul de Minas	9
314510	Nova Resende	Sul/Sudoeste de Minas	10	São Sebastião do Paraíso	48	Sul de Minas	9
314550	Olímpio Noronha	Sul/Sudoeste de Minas	10	São Lourenço	54	Sul de Minas	9
314600	Ouro Fino	Sul/Sudoeste de Minas	10	Poços de Caldas	51	Sul de Minas	9
314720	Paraguaçu	Sul/Sudoeste de Minas	10	Alfenas	49	Sul de Minas	9
314730	Paraisópolis	Sul/Sudoeste de Minas	10	Itajubá	56	Sul de Minas	9
314760	Passa Quatro	Sul/Sudoeste de Minas	10	São Lourenço	54	Sul de Minas	9
314780	Passa-Vinte	Sul/Sudoeste de Minas	10	Andrelândia	55	Sul de Minas	9
314790	Passos	Sul/Sudoeste de Minas	10	Passos	47	Sul de Minas	9
314910	Pedralva	Sul/Sudoeste de Minas	10	Santa Rita do Sapucaí	53	Sul de Minas	9
315090	Piranguçu	Sul/Sudoeste de Minas	10	Itajubá	56	Sul de Minas	9
315100	Piranguinho	Sul/Sudoeste de Minas	10	Itajubá	56	Sul de Minas	9
315170	Poço Fundo	Sul/Sudoeste de Minas	10	Alfenas	49	Sul de Minas	9
315180	Poços de Caldas	Sul/Sudoeste de Minas	10	Poços de Caldas	51	Sul de Minas	9
315250	Pouso Alegre	Sul/Sudoeste de Minas	10	Pouso Alegre	52	Sul de Minas	9
315260	Pouso Alto	Sul/Sudoeste de Minas	10	São Lourenço	54	Sul de Minas	9
315290	Pratápolis	Sul/Sudoeste de Minas	10	Passos	47	Sul de Minas	9
315470	Ribeirão Vermelho	Campo das Vertentes	11	Lavras	57	Sul de Minas	9
315920	Santa Rita de Caldas	Sul/Sudoeste de Minas	10	Poços de Caldas	51	Sul de Minas	9
315960	Santa Rita do Sapucaí	Sul/Sudoeste de Minas	10	Santa Rita do Sapucaí	53	Sul de Minas	9
315830	Santana da Vargem	Sul/Sudoeste de Minas	10	Varginha	50	Sul de Minas	9
316080	São Bento Abade	Sul/Sudoeste de Minas	10	Varginha	50	Sul de Minas	9
316200	São Gonçalo do Sapucaí	Sul/Sudoeste de Minas	10	Santa Rita do Sapucaí	53	Sul de Minas	9
316220	São João Batista do Glória	Sul/Sudoeste de Minas	10	Passos	47	Sul de Minas	9
316230	São João da Mata	Sul/Sudoeste de Minas	10	Santa Rita do Sapucaí	53	Sul de Minas	9
316294	São José da Barra	Sul/Sudoeste de Minas	10	Passos	47	Sul de Minas	9
316320	São José do Alegre	Sul/Sudoeste de Minas	10	Santa Rita do Sapucaí	53	Sul de Minas	9
316370	São Lourenço	Sul/Sudoeste de Minas	10	São Lourenço	54	Sul de Minas	9
316390	São Pedro da União	Sul/Sudoeste de Minas	10	São Sebastião do Paraíso	48	Sul de Minas	9
316440	São Sebastião da Bela Vista	Sul/Sudoeste de Minas	10	Santa Rita do Sapucaí	53	Sul de Minas	9
316470	São Sebastião do Paraíso	Sul/Sudoeste de Minas	10	São Sebastião do Paraíso	48	Sul de Minas	9
316490	São Sebastião do Rio Verde	Sul/Sudoeste de Minas	10	São Lourenço	54	Sul de Minas	9
316520	São Thomé das Letras	Sul/Sudoeste de Minas	10	Varginha	50	Sul de Minas	9
316510	São Tomás de Aquino	Sul/Sudoeste de Minas	10	São Sebastião do Paraíso	48	Sul de Minas	9
316530	São Vicente de Minas	Sul/Sudoeste de Minas	10	Andrelândia	55	Sul de Minas	9
316540	Sapucaí-Mirim	Sul/Sudoeste de Minas	10	Pouso Alegre	52	Sul de Minas	9
316557	Senador Amaral	Sul/Sudoeste de Minas	10	Pouso Alegre	52	Sul de Minas	9
316580	Senador José Bento	Sul/Sudoeste de Minas	10	Pouso Alegre	52	Sul de Minas	9
316640	Seritinga	Sul/Sudoeste de Minas	10	Andrelândia	55	Sul de Minas	9
316690	Serrania	Sul/Sudoeste de Minas	10	Alfenas	49	Sul de Minas	9
316700	Serranos	Sul/Sudoeste de Minas	10	Andrelândia	55	Sul de Minas	9
316740	Silvianópolis	Sul/Sudoeste de Minas	10	Santa Rita do Sapucaí	53	Sul de Minas	9
316780	Soledade de Minas	Sul/Sudoeste de Minas	10	São Lourenço	54	Sul de Minas	9
316905	Tocos do Moji	Sul/Sudoeste de Minas	10	Pouso Alegre	52	Sul de Minas	9
316910	Toledo	Sul/Sudoeste de Minas	10	Pouso Alegre	52	Sul de Minas	9
316930	Três Corações	Sul/Sudoeste de Minas	10	Varginha	50	Sul de Minas	9
316940	Três Pontas	Sul/Sudoeste de Minas	10	Varginha	50	Sul de Minas	9
316980	Turvolândia	Sul/Sudoeste de Minas	10	Santa Rita do Sapucaí	53	Sul de Minas	9
317070	Varginha	Sul/Sudoeste de Minas	10	Varginha	50	Sul de Minas	9
317170	Virgínia	Sul/Sudoeste de Minas	10	Itajubá	56	Sul de Minas	9
317220	Wenceslau Braz	Sul/Sudoeste de Minas	10	Itajubá	56	Sul de Minas	9
310070	Água Comprida	Triângulo Mineiro/Alto Paranaíba	5	Uberaba	22	Triângulo	10
310350	Araguari	Triângulo Mineiro/Alto Paranaíba	5	Uberlândia	18	Triângulo	10
310375	Araporã	Triângulo Mineiro/Alto Paranaíba	5	Uberlândia	18	Triângulo	10
310980	Cachoeira Dourada	Triângulo Mineiro/Alto Paranaíba	5	Ituiutaba	17	Triângulo	10
311110	Campina Verde	Triângulo Mineiro/Alto Paranaíba	5	Frutal	21	Triângulo	10
311140	Campo Florido	Triângulo Mineiro/Alto Paranaíba	5	Uberaba	22	Triângulo	10
311180	Canápolis	Triângulo Mineiro/Alto Paranaíba	5	Uberlândia	18	Triângulo	10
311260	Capinópolis	Triângulo Mineiro/Alto Paranaíba	5	Ituiutaba	17	Triângulo	10
311455	Carneirinho	Triângulo Mineiro/Alto Paranaíba	5	Frutal	21	Triângulo	10
311500	Cascalho Rico	Triângulo Mineiro/Alto Paranaíba	5	Uberlândia	18	Triângulo	10
311580	Centralina	Triângulo Mineiro/Alto Paranaíba	5	Uberlândia	18	Triângulo	10
311690	Comendador Gomes	Triângulo Mineiro/Alto Paranaíba	5	Frutal	21	Triângulo	10
311730	Conceição das Alagoas	Triângulo Mineiro/Alto Paranaíba	5	Uberaba	22	Triângulo	10
311820	Conquista	Triângulo Mineiro/Alto Paranaíba	5	Uberaba	22	Triângulo	10
312125	Delta	Triângulo Mineiro/Alto Paranaíba	5	Uberaba	22	Triângulo	10
312700	Fronteira	Triângulo Mineiro/Alto Paranaíba	5	Frutal	21	Triângulo	10
312710	Frutal	Triângulo Mineiro/Alto Paranaíba	5	Frutal	21	Triângulo	10
312910	Gurinhatã	Triângulo Mineiro/Alto Paranaíba	5	Ituiutaba	17	Triângulo	10
313070	Indianópolis	Triângulo Mineiro/Alto Paranaíba	5	Uberlândia	18	Triângulo	10
313140	Ipiaçu	Triângulo Mineiro/Alto Paranaíba	5	Ituiutaba	17	Triângulo	10
313340	Itapagipe	Triângulo Mineiro/Alto Paranaíba	5	Frutal	21	Triângulo	10
313420	Ituiutaba	Triângulo Mineiro/Alto Paranaíba	5	Ituiutaba	17	Triângulo	10
313440	Iturama	Triângulo Mineiro/Alto Paranaíba	5	Frutal	21	Triângulo	10
313862	Limeira do Oeste	Triângulo Mineiro/Alto Paranaíba	5	Frutal	21	Triângulo	10
314280	Monte Alegre de Minas	Triângulo Mineiro/Alto Paranaíba	5	Uberlândia	18	Triângulo	10
315070	Pirajuba	Triângulo Mineiro/Alto Paranaíba	5	Frutal	21	Triângulo	10
315160	Planura	Triângulo Mineiro/Alto Paranaíba	5	Frutal	21	Triângulo	10
315280	Prata	Triângulo Mineiro/Alto Paranaíba	5	Uberlândia	18	Triângulo	10
315980	Santa Vitória	Triângulo Mineiro/Alto Paranaíba	5	Ituiutaba	17	Triângulo	10
316130	São Francisco de Sales	Triângulo Mineiro/Alto Paranaíba	5	Frutal	21	Triângulo	10
316960	Tupaciguara	Triângulo Mineiro/Alto Paranaíba	5	Uberlândia	18	Triângulo	10
317010	Uberaba	Triângulo Mineiro/Alto Paranaíba	5	Uberaba	22	Triângulo	10
317020	Uberlândia	Triângulo Mineiro/Alto Paranaíba	5	Uberlândia	18	Triângulo	10
317043	União de Minas	Triângulo Mineiro/Alto Paranaíba	5	Frutal	21	Triângulo	10
317110	Veríssimo	Triângulo Mineiro/Alto Paranaíba	5	Uberaba	22	Triângulo	10